"","Pasos","Dimension","Valor M","Tiempo"
"X50","50","50",50,50
"X1","1","2",3,4
"X8","8","12",12,24
"X0.000778913497924805","0.000778913497924805","0.00119590759277344",0.000864982604980469,0.000792980194091797
